"","currency","year","values"
"1","ALL",2020,123.8
"2","ARS",2020,86.5266
"3","AUD",2020,1.6433
"4","BAM",2020,1.95583
"5","BGN",2020,1.9558
"6","BRL",2020,6.4381
"7","CAD",2020,1.5654
"8","CHF",2020,1.0767
"9","CNY",2020,8.1954
"10","CZK",2020,26.167
"11","DKK",2020,7.446
"12","DZD",2020,151.79
"13","EGP",2020,18.84
"14","GBP",2020,0.90081
"15","HKD",2020,9.1671
"16","HRK",2020,7.5077
"17","HUF",2020,348.93
"18","IDR",2020,17402.53
"19","ILS",2020,4.0214
"20","INR",2020,88.2309
"21","ISK",2020,161.77
"22","JPY",2020,125.4
"23","KRW",2020,1403.44
"24","MAD",2020,10.92
"25","MKD",2020,61.6953
"26","MXN",2020,26.2544
"27","MYR",2020,4.9506
"28","NOK",2020,10.5797
"29","NZD",2020,1.7931
"30","PHP",2020,57.682
"31","PLN",2020,4.3995
"32","RON",2020,4.8376
"33","RSD",2020,117.5865
"34","RUB",2020,87.352
"35","SEK",2020,10.3087
"36","SGD",2020,1.6195
"37","THB",2020,36.9109
"38","TRY",2020,8.6144
"39","TWD",2020,34.767
"40","USD",2020,1.1828
"41","ZAR",2020,20.3836
"42","ALL",2019,121.26
"43","ARS",2019,57.7834
"44","AUD",2019,1.6431
"45","BAM",2019,1.95583
"46","BGN",2019,1.9558
"47","BRL",2019,4.4649
"48","CAD",2019,1.4768
"49","CHF",2019,1.0892
"50","CNY",2019,7.858
"51","CZK",2019,25.802
"52","DKK",2019,7.4602
"53","DZD",2019,133.31
"54","EGP",2019,18.45
"55","GBP",2019,0.91554
"56","HKD",2019,8.7243
"57","HRK",2019,7.3897
"58","HUF",2019,326.91
"59","IDR",2019,15838.62
"60","ILS",2019,3.9046
"61","INR",2019,79.1902
"62","ISK",2019,137.66
"63","JPY",2019,118.18
"64","KRW",2019,1347.1
"65","MAD",2019,10.67
"66","MKD",2019,61.4898
"67","MXN",2019,21.8925
"68","MYR",2019,4.6599
"69","NOK",2019,9.9742
"70","NZD",2019,1.7303
"71","PHP",2019,58.075
"72","PLN",2019,4.3466
"73","RON",2019,4.728
"74","RSD",2019,117.777
"75","RUB",2019,73.2161
"76","SEK",2019,10.7356
"77","SGD",2019,1.5408
"78","THB",2019,34.2182
"79","TRY",2019,6.2869
"80","TWD",2019,34.931
"81","USD",2019,1.1126
"82","ZAR",2019,16.8632
"83","ALL",2018,125.66
"84","ARS",2018,34.3997
"85","AUD",2018,1.5762
"86","BAM",2018,1.95583
"87","BGN",2018,1.9558
"88","BRL",2018,4.5357
"89","CAD",2018,1.5063
"90","CHF",2018,1.1413
"91","CNY",2018,7.9092
"92","CZK",2018,25.681
"93","DKK",2018,7.4558
"94","DZD",2018,136.66
"95","EGP",2018,20.65
"96","GBP",2018,0.89687
"97","HKD",2018,9.0655
"98","HRK",2018,7.4261
"99","HUF",2018,323.02
"100","IDR",2018,16822.69
"101","ILS",2018,4.233
"102","INR",2018,80.426
"103","ISK",2018,124.19
"104","JPY",2018,128.2
"105","KRW",2018,1295.39
"106","MAD",2018,10.94
"107","MKD",2018,61.4921
"108","MXN",2018,21.7835
"109","MYR",2018,4.7277
"110","NOK",2018,9.6161
"111","NZD",2018,1.7315
"112","PHP",2018,61.539
"113","PLN",2018,4.2858
"114","RON",2018,4.6439
"115","RSD",2018,118.1041
"116","RUB",2018,76.6684
"117","SEK",2018,10.4668
"118","SGD",2018,1.5807
"119","THB",2018,38.1457
"120","TRY",2018,6.8488
"121","TWD",2018,35.479
"122","USD",2018,1.1549
"123","ZAR",2018,16.2808
"124","ALL",2017,132.53
"125","ARS",2017,20.5797
"126","AUD",2017,1.4919
"127","BAM",2017,1.95583
"128","BGN",2017,1.9558
"129","BRL",2017,3.7201
"130","CAD",2017,1.4889
"131","CHF",2017,1.1398
"132","CNY",2017,7.876
"133","CZK",2017,26.101
"134","DKK",2017,7.4379
"135","DZD",2017,129.43
"136","EGP",2017,20.96
"137","GBP",2017,0.91121
"138","HKD",2017,9.2348
"139","HRK",2017,7.4054
"140","HUF",2017,304.37
"141","IDR",2017,15753.09
"142","ILS",2017,4.2504
"143","INR",2017,75.5465
"144","ISK",2017,125.22
"145","JPY",2017,129.7
"146","KRW",2017,1335.93
"147","MAD",2017,11.14
"148","MKD",2017,61.5307
"149","MXN",2017,21.0333
"150","MYR",2017,5.0579
"151","NOK",2017,9.3201
"152","NZD",2017,1.6167
"153","PHP",2017,60.161
"154","PLN",2017,4.2666
"155","RON",2017,4.5789
"156","RSD",2017,119.574
"157","RUB",2017,70.2902
"158","SEK",2017,9.5485
"159","SGD",2017,1.607
"160","THB",2017,39.2671
"161","TRY",2017,4.1436
"162","TWD",2017,35.704
"163","USD",2017,1.1807
"164","ZAR",2017,15.631
"165","ALL",2016,136.51
"166","ARS",2016,16.6329
"167","AUD",2016,1.469
"168","BAM",2016,1.95583
"169","BGN",2016,1.9558
"170","BRL",2016,3.5983
"171","CAD",2016,1.4557
"172","CHF",2016,1.0881
"173","CNY",2016,7.4537
"174","CZK",2016,27.025
"175","DKK",2016,7.4408
"176","DZD",2016,122.71
"177","EGP",2016,9.95
"178","GBP",2016,0.85521
"179","HKD",2016,8.6961
"180","HRK",2016,7.4866
"181","HUF",2016,310.21
"182","IDR",2016,14757.31
"183","ILS",2016,4.2559
"184","INR",2016,75.0303
"185","ISK",2016,132.13
"186","JPY",2016,113.49
"187","KRW",2016,1245.55
"188","MAD",2016,10.91
"189","MKD",2016,61.4932
"190","MXN",2016,20.7136
"191","MYR",2016,4.5141
"192","NOK",2016,9.303
"193","NZD",2016,1.5491
"194","PHP",2016,52.254
"195","PLN",2016,4.3005
"196","RON",2016,4.4591
"197","RSD",2016,123.3053
"198","RUB",2016,72.7952
"199","SEK",2016,9.4913
"200","SGD",2016,1.5106
"201","THB",2016,38.9156
"202","TRY",2016,3.3206
"203","TWD",2016,35.378
"204","USD",2016,1.1212
"205","ZAR",2016,15.4198
"206","ALL",2015,139.59
"207","ARS",2015,10.2993
"208","AUD",2015,1.5269
"209","BAM",2015,1.95583
"210","BGN",2015,1.9558
"211","BRL",2015,3.9118
"212","CAD",2015,1.4637
"213","CHF",2015,1.0777
"214","CNY",2015,7.0626
"215","CZK",2015,27.041
"216","DKK",2015,7.4627
"217","DZD",2015,115.21
"218","EGP",2015,8.72
"219","GBP",2015,0.71423
"220","HKD",2015,8.6358
"221","HRK",2015,7.5578
"222","HUF",2015,311.61
"223","IDR",2015,15370.92
"224","ILS",2015,4.2836
"225","INR",2015,72.5361
"226","ISK",2015,146.81
"227","JPY",2015,137.12
"228","KRW",2015,1313.48
"229","MAD",2015,10.86
"230","MKD",2015,61.4973
"231","MXN",2015,18.4333
"232","MYR",2015,4.5297
"233","NOK",2015,9.1815
"234","NZD",2015,1.7001
"235","PHP",2015,51.536
"236","PLN",2015,4.1953
"237","RON",2015,4.4235
"238","RSD",2015,120.2218
"239","RUB",2015,73.3597
"240","SEK",2015,9.5155
"241","SGD",2015,1.5573
"242","THB",2015,39.4654
"243","TRY",2015,3.1826
"244","TWD",2015,35.868
"245","USD",2015,1.1139
"246","ZAR",2015,14.3821
"247","ALL",2014,139.31
"248","ARS",2014,11.0568
"249","AUD",2014,1.4306
"250","BAM",2014,1.95583
"251","BGN",2014,1.9558
"252","BRL",2014,3.0219
"253","CAD",2014,1.4548
"254","CHF",2014,1.2118
"255","CNY",2014,8.1965
"256","CZK",2014,27.816
"257","DKK",2014,7.4551
"258","DZD",2014,106.56
"259","EGP",2014,9.52
"260","GBP",2014,0.7973
"261","HKD",2014,10.3207
"262","HRK",2014,7.6326
"263","HUF",2014,313.91
"264","IDR",2014,15603.1
"265","ILS",2014,4.6569
"266","INR",2014,81.0709
"267","ISK",2014,154.42
"268","JPY",2014,137.11
"269","KRW",2014,1364.17
"270","MAD",2014,11.19
"271","MKD",2014,61.4976
"272","MXN",2014,17.5051
"273","MYR",2014,4.231
"274","NOK",2014,8.2522
"275","NZD",2014,1.5783
"276","PHP",2014,58.32
"277","PLN",2014,4.1919
"278","RON",2014,4.4252
"279","RSD",2014,117.3078
"280","RUB",2014,48.1781
"281","SEK",2014,9.1878
"282","SGD",2014,1.6622
"283","THB",2014,42.644
"284","TRY",2014,2.8784
"285","TWD",2014,39.926
"286","USD",2014,1.3316
"287","ZAR",2014,14.2052
"288","ALL",2013,140.01
"289","ARS",2013,7.4197
"290","AUD",2013,1.4742
"291","BAM",2013,1.95583
"292","BGN",2013,1.9558
"293","BRL",2013,3.117
"294","CAD",2013,1.3853
"295","CHF",2013,1.2338
"296","CNY",2013,8.1477
"297","CZK",2013,25.818
"298","DKK",2013,7.458
"299","DZD",2013,107.06
"300","EGP",2013,9.3
"301","GBP",2013,0.85904
"302","HKD",2013,10.3222
"303","HRK",2013,7.5372
"304","HUF",2013,299.46
"305","IDR",2013,14168.72
"306","ILS",2013,4.761
"307","INR",2013,83.948
"308","ISK",2013,159.32
"309","JPY",2013,130.34
"310","KRW",2013,1485.93
"311","MAD",2013,11.18
"312","MKD",2013,61.4957
"313","MXN",2013,17.1996
"314","MYR",2013,4.3631
"315","NOK",2013,7.9386
"316","NZD",2013,1.6829
"317","PHP",2013,58.471
"318","PLN",2013,4.2299
"319","RON",2013,4.4371
"320","RSD",2013,114.0325
"321","RUB",2013,43.9748
"322","SEK",2013,8.7034
"323","SGD",2013,1.6941
"324","THB",2013,42.072
"325","TRY",2013,2.6125
"326","TWD",2013,39.874
"327","USD",2013,1.331
"328","ZAR",2013,13.419
"329","ALL",2012,137.35
"330","ARS",2012,5.7096
"331","AUD",2012,1.1841
"332","BAM",2012,1.95583
"333","BGN",2012,1.9558
"334","BRL",2012,2.517
"335","CAD",2012,1.2315
"336","CHF",2012,1.2011
"337","CNY",2012,7.8864
"338","CZK",2012,25.021
"339","DKK",2012,7.4454
"340","DZD",2012,100.82
"341","EGP",2012,7.54
"342","GBP",2012,0.78884
"343","HKD",2012,9.6177
"344","HRK",2012,7.4853
"345","HUF",2012,278.93
"346","IDR",2012,11777.55
"347","ILS",2012,4.9779
"348","INR",2012,68.8632
"349","ISK",2012,149.07
"350","JPY",2012,97.58
"351","KRW",2012,1403.93
"352","MAD",2012,11.02
"353","MKD",2012,61.5007
"354","MXN",2012,16.36
"355","MYR",2012,3.8643
"356","NOK",2012,7.3239
"357","NZD",2012,1.5306
"358","PHP",2012,52.173
"359","PLN",2012,4.0934
"360","RON",2012,4.5176
"361","RSD",2012,117.8899
"362","RUB",2012,39.6334
"363","SEK",2012,8.2805
"364","SGD",2012,1.548
"365","THB",2012,38.9737
"366","TRY",2012,2.2291
"367","TWD",2012,37.147
"368","USD",2012,1.24
"369","ZAR",2012,10.2585
"370","ALL",2011,139.85
"371","ARS",2011,5.9729
"372","AUD",2011,1.3651
"373","BAM",2011,1.95583
"374","BGN",2011,1.9558
"375","BRL",2011,2.2888
"376","CAD",2011,1.4071
"377","CHF",2011,1.1203
"378","CNY",2011,9.1857
"379","CZK",2011,24.273
"380","DKK",2011,7.4498
"381","DZD",2011,104.01
"382","EGP",2011,8.55
"383","GBP",2011,0.87668
"384","HKD",2011,11.1846
"385","HRK",2011,7.462
"386","HUF",2011,272.37
"387","IDR",2011,12249.95
"388","ILS",2011,5.0841
"389","INR",2011,65.0717
"390","ISK",2011,164.19
"391","JPY",2011,110.43
"392","KRW",2011,1542.01
"393","MAD",2011,11.33
"394","MKD",2011,61.5096
"395","MXN",2011,17.5456
"396","MYR",2011,4.2822
"397","NOK",2011,7.7882
"398","NZD",2011,1.7108
"399","PHP",2011,60.836
"400","PLN",2011,4.1195
"401","RON",2011,4.2505
"402","RSD",2011,102.2545
"403","RUB",2011,41.2954
"404","SEK",2011,9.1655
"405","SGD",2011,1.734
"406","THB",2011,42.8749
"407","TRY",2011,2.5147
"408","TWD",2011,41.562
"409","USD",2011,1.4343
"410","ZAR",2011,10.1532
"411","ALL",2010,136.24
"412","ARS",2010,5.0754
"413","AUD",2010,1.4337
"414","BAM",2010,1.95583
"415","BGN",2010,1.9558
"416","BRL",2010,2.2691
"417","CAD",2010,1.3411
"418","CHF",2010,1.3413
"419","CNY",2010,8.752
"420","CZK",2010,24.806
"421","DKK",2010,7.4495
"422","DZD",2010,96.27
"423","EGP",2010,7.34
"424","GBP",2010,0.82363
"425","HKD",2010,10.0193
"426","HRK",2010,7.2525
"427","HUF",2010,281.45
"428","IDR",2010,11573.26
"429","ILS",2010,4.8906
"430","INR",2010,60.0584
"431","ISK",2010,154.08
"432","JPY",2010,110.04
"433","KRW",2010,1522.39
"434","MAD",2010,11.12
"435","MKD",2010,61.51
"436","MXN",2010,16.4571
"437","MYR",2010,4.0654
"438","NOK",2010,7.9325
"439","NZD",2010,1.8059
"440","PHP",2010,58.245
"441","PLN",2010,3.9899
"442","RON",2010,4.2396
"443","RSD",2010,105.2965
"444","RUB",2010,39.1898
"445","SEK",2010,9.4216
"446","SGD",2010,1.7482
"447","THB",2010,40.9373
"448","TRY",2010,1.9484
"449","TWD",2010,41.188
"450","USD",2010,1.2894
"451","ZAR",2010,9.4192
"452","ALL",2009,131.01
"453","ARS",2009,5.4748
"454","AUD",2009,1.7081
"455","BAM",2009,1.95583
"456","BGN",2009,1.9558
"457","BRL",2009,2.6314
"458","CAD",2009,1.5522
"459","CHF",2009,1.5236
"460","CNY",2009,9.7485
"461","CZK",2009,25.646
"462","DKK",2009,7.444
"463","DZD",2009,103.93
"464","EGP",2009,7.9
"465","GBP",2009,0.86265
"466","HKD",2009,11.0587
"467","HRK",2009,7.3287
"468","HUF",2009,270.05
"469","IDR",2009,14270.78
"470","ILS",2009,5.4694
"471","INR",2009,68.957
"472","ISK",2009,181.32
"473","JPY",2009,135.31
"474","KRW",2009,1768.99
"475","MAD",2009,11.3
"476","MKD",2009,61.1713
"477","MXN",2009,18.5571
"478","MYR",2009,5.0185
"479","NOK",2009,8.6602
"480","NZD",2009,2.1097
"481","PHP",2009,68.803
"482","PLN",2009,4.1311
"483","RON",2009,4.2183
"484","RSD",2009,93.2647
"485","RUB",2009,45.1972
"486","SEK",2009,10.221
"487","SGD",2009,2.0577
"488","THB",2009,48.5433
"489","TRY",2009,2.1236
"490","TWD",2009,46.905
"491","USD",2009,1.4268
"492","ZAR",2009,11.3415
"493","ALL",2008,121.44
"494","ARS",2008,4.5419
"495","AUD",2008,1.6961
"496","BAM",2008,1.95583
"497","BGN",2008,1.9558
"498","BRL",2008,2.4103
"499","CAD",2008,1.5765
"500","CHF",2008,1.6212
"501","CNY",2008,10.2609
"502","CZK",2008,24.287
"503","DKK",2008,7.4595
"504","DZD",2008,91.85
"505","EGP",2008,7.99
"506","GBP",2008,0.79279
"507","HKD",2008,11.6932
"508","HRK",2008,7.1947
"509","HUF",2008,235.88
"510","IDR",2008,13700.21
"511","ILS",2008,5.3246
"512","INR",2008,64.3236
"513","ISK",2008,122.07
"514","JPY",2008,163.63
"515","KRW",2008,1566.23
"516","MAD",2008,11.39
"517","MKD",2008,61.1801
"518","MXN",2008,15.1269
"519","MYR",2008,4.9843
"520","NOK",2008,7.9723
"521","NZD",2008,2.1097
"522","PHP",2008,67.307
"523","PLN",2008,3.292
"524","RON",2008,3.5271
"525","RSD",2008,76.5517
"526","RUB",2008,36.2502
"527","SEK",2008,9.3984
"528","SGD",2008,2.1024
"529","THB",2008,50.6971
"530","TRY",2008,1.7669
"531","TWD",2008,46.723
"532","USD",2008,1.4975
"533","ZAR",2008,11.468
"534","ALL",2007,122.1
"535","ARS",2007,4.2965
"536","AUD",2007,1.6442
"537","BAM",2007,1.95583
"538","BGN",2007,1.9558
"539","BRL",2007,2.6735
"540","CAD",2007,1.442
"541","CHF",2007,1.6383
"542","CNY",2007,10.3162
"543","CZK",2007,27.86
"544","DKK",2007,7.4429
"545","DZD",2007,94.67
"546","EGP",2007,7.71
"547","GBP",2007,0.67766
"548","HKD",2007,10.6469
"549","HRK",2007,7.3161
"550","HUF",2007,255.2
"551","IDR",2007,12765.65
"552","ILS",2007,5.7547
"553","INR",2007,55.4819
"554","ISK",2007,88.46
"555","JPY",2007,159.05
"556","KRW",2007,1273.37
"557","MAD",2007,11.21
"558","MKD",2007,61.1712
"559","MXN",2007,15.0491
"560","MYR",2007,4.7457
"561","NOK",2007,7.9735
"562","NZD",2007,1.8786
"563","PHP",2007,62.862
"564","PLN",2007,3.8116
"565","RON",2007,3.2246
"566","RSD",2007,80.0703
"567","RUB",2007,34.9211
"568","SEK",2007,9.3231
"569","SGD",2007,2.0744
"570","THB",2007,43.3372
"571","TRY",2007,1.7921
"572","TWD",2007,44.902
"573","USD",2007,1.3622
"574","ZAR",2007,9.8391
"575","ALL",2006,122.34
"576","ARS",2006,3.9448
"577","AUD",2006,1.6788
"578","BAM",2006,1.95583
"579","BGN",2006,1.9558
"580","BRL",2006,2.7635
"581","CAD",2006,1.4338
"582","CHF",2006,1.5775
"583","CNY",2006,10.2141
"584","CZK",2006,28.194
"585","DKK",2006,7.4609
"586","DZD",2006,93.34
"587","EGP",2006,7.36
"588","GBP",2006,0.67669
"589","HKD",2006,9.9627
"590","HRK",2006,7.2893
"591","HUF",2006,274.41
"592","IDR",2006,11649.96
"593","ILS",2006,5.6111
"594","INR",2006,59.5794
"595","ISK",2006,90.08
"596","JPY",2006,148.53
"597","KRW",2006,1231.42
"598","MAD",2006,11.08
"599","MKD",2006,61.1704
"600","MXN",2006,13.9359
"601","MYR",2006,4.7078
"602","NOK",2006,7.992
"603","NZD",2006,2.022
"604","PHP",2006,65.712
"605","PLN",2006,3.9046
"606","RON",2006,3.5271
"607","RSD",2006,82.8893
"608","RUB",2006,34.2755
"609","SEK",2006,9.2098
"610","SGD",2006,2.0185
"611","THB",2006,48.1923
"612","TRY",2006,1.8802
"613","TWD",2006,42.008
"614","USD",2006,1.2811
"615","ZAR",2006,8.9034
"616","ALL",2005,121.94
"617","ARS",2005,3.5378
"618","AUD",2005,1.6144
"619","BAM",2005,1.95583
"620","BGN",2005,1.9557
"621","BRL",2005,2.9018
"622","CAD",2005,1.4819
"623","CHF",2005,1.5528
"624","CNY",2005,9.9589
"625","CZK",2005,29.594
"626","DKK",2005,7.4596
"627","DZD",2005,89.71
"628","GBP",2005,0.68527
"629","HKD",2005,9.5529
"630","HRK",2005,7.3684
"631","HUF",2005,244.49
"632","IDR",2005,12283.08
"633","ILS",2005,5.5446
"634","INR",2005,53.6126
"635","ISK",2005,78.37
"636","JPY",2005,135.98
"637","KRW",2005,1255.33
"638","MAD",2005,11.01
"639","MKD",2005,61.2336
"640","MXN",2005,13.1376
"641","MYR",2005,4.6216
"642","NOK",2005,7.9165
"643","NZD",2005,1.7675
"644","PHP",2005,68.768
"645","PLN",2005,4.0436
"646","RON",2005,3.5034
"647","RSD",2005,83.9965
"648","RUB",2005,35.0119
"649","SEK",2005,9.3398
"650","SGD",2005,2.0439
"651","THB",2005,50.6038
"652","TRY",2005,1.6534
"653","TWD",2005,39.458
"654","USD",2005,1.2292
"655","ZAR",2005,7.9508
"656","ALL",2004,124.97
"657","ARS",2004,3.6731
"658","AUD",2004,1.7147
"659","BAM",2004,1.95583
"660","BGN",2004,1.9559
"661","BRL",2004,3.6621
"662","CAD",2004,1.6007
"663","CHF",2004,1.5387
"664","CNY",2004,10.083
"665","CZK",2004,31.634
"666","DKK",2004,7.4365
"667","DZD",2004,87.98
"668","GBP",2004,0.66942
"669","HKD",2004,9.4968
"670","HRK",2004,7.3691
"671","HUF",2004,248.85
"672","IDR",2004,11265.84
"673","ILS",2004,5.5223
"674","INR",2004,56.3699
"675","ISK",2004,87.08
"676","JPY",2004,134.54
"677","KRW",2004,1409.37
"678","MAD",2004,10.99
"679","MKD",2004,61.2927
"680","MXN",2004,13.8721
"681","MYR",2004,4.6274
"682","NOK",2004,8.3315
"683","NZD",2004,1.8604
"684","PHP",2004,68.017
"685","PLN",2004,4.431
"686","RON",2004,4.0946
"687","RSD",2004,73.2216
"688","RUB",2004,35.5859
"689","SEK",2004,9.1861
"690","SGD",2004,2.0886
"691","THB",2004,50.548
"692","TRY",2004,1.7999
"693","TWD",2004,41.542
"694","USD",2004,1.2176
"695","ZAR",2004,7.8526
"696","ALL",2003,133.66
"697","ARS",2003,3.2558
"698","AUD",2003,1.7114
"699","BAM",2003,1.95583
"700","BGN",2003,1.9463
"701","BRL",2003,3.3452
"702","CAD",2003,1.557
"703","CHF",2003,1.54
"704","CNY",2003,9.2195
"705","CZK",2003,32.287
"706","DKK",2003,7.4322
"707","DZD",2003,86.43
"708","GBP",2003,0.69919
"709","HKD",2003,8.6873
"710","HRK",2003,7.5133
"711","HUF",2003,259.56
"712","IDR",2003,9482.31
"713","ILS",2003,4.9596
"714","INR",2003,51.1332
"715","ISK",2003,88.79
"716","JPY",2003,132.38
"717","KRW",2003,1312.67
"718","MAD",2003,10.8
"719","MKD",2003,61.1964
"720","MXN",2003,12.004
"721","MYR",2003,4.2331
"722","NOK",2003,8.2558
"723","NZD",2003,1.9137
"724","PHP",2003,61.272
"725","PLN",2003,4.3699
"726","RON",2003,3.7166
"727","RSD",2003,65.2035
"728","RUB",2003,33.8234
"729","SEK",2003,9.2378
"730","SGD",2003,1.9531
"731","THB",2003,46.4124
"732","TRY",2003,1.5642
"733","TWD",2003,38.247
"734","USD",2003,1.1139
"735","ZAR",2003,8.2375
"736","ALL",2002,135.01
"737","ARS",2002,3.544
"738","AUD",2002,1.8045
"739","BAM",2002,1.95583
"740","BGN",2002,1.9468
"741","BRL",2002,3.0461
"742","CAD",2002,1.5333
"743","CHF",2002,1.4636
"744","CNY",2002,8.0929
"745","CZK",2002,30.796
"746","DKK",2002,7.427
"747","DZD",2002,77.93
"748","GBP",2002,0.63633
"749","HKD",2002,7.6265
"750","HRK",2002,7.3767
"751","HUF",2002,245.3
"752","IDR",2002,8726.76
"753","ILS",2002,4.5713
"754","INR",2002,47.4844
"755","ISK",2002,84.22
"756","JPY",2002,116.31
"757","KRW",2002,1167.08
"758","MAD",2002,10.48
"759","MKD",2002,60.9757
"760","MXN",2002,9.6141
"761","MYR",2002,3.7158
"762","NOK",2002,7.4284
"763","NZD",2002,2.1076
"764","PHP",2002,50.673
"765","PLN",2002,4.0836
"766","RON",2002,3.2344
"767","RSD",2002,60.9231
"768","RUB",2002,30.8868
"769","SEK",2002,9.2489
"770","SGD",2002,1.7164
"771","THB",2002,41.2441
"772","TRY",2002,1.6026
"773","TWD",2002,33.221
"774","USD",2002,0.9778
"775","ZAR",2002,10.3591
"776","ALL",2001,128.87
"777","ARS",2001,0.9
"778","AUD",2001,1.7169
"779","BAM",2001,1.95583
"780","BGN",2001,1.9472
"781","BRL",2001,2.2588
"782","CAD",2001,1.3857
"783","CHF",2001,1.5144
"784","CNY",2001,7.4533
"785","CZK",2001,34.05
"786","DKK",2001,7.445
"787","DZD",2001,68.9
"788","GBP",2001,0.62672
"789","HKD",2001,7.0236
"790","HRK",2001,7.5083
"791","HUF",2001,251.02
"792","IDR",2001,8071.74
"793","ILS",2001,3.8122
"794","INR",2001,42.4362
"795","ISK",2001,88.7
"796","JPY",2001,109.34
"797","KRW",2001,1153.99
"798","MAD",2001,10.28
"799","MKD",2001,60.9469
"800","MXN",2001,8.2222
"801","MYR",2001,3.4222
"802","NOK",2001,8.0552
"803","NZD",2001,2.0895
"804","PHP",2001,46.666
"805","PLN",2001,3.8243
"806","RON",2001,2.6846
"807","RSD",2001,59.6018
"808","RUB",2001,26.4478
"809","SEK",2001,9.3107
"810","SGD",2001,1.5855
"811","THB",2001,40.4208
"812","TRY",2001,1.2658
"813","TWD",2001,31.169
"814","USD",2001,0.9005
"815","ZAR",2001,7.4823
"816","ALL",2000,129.88
"817","ARS",2000,0.9038
"818","AUD",2000,1.5575
"819","BAM",2000,1.95583
"820","BGN",2000,1.9462
"821","BRL",2000,1.634
"822","CAD",2000,1.3406
"823","CHF",2000,1.5506
"824","CNY",2000,7.4829
"825","CZK",2000,35.356
"826","DKK",2000,7.4578
"827","DZD",2000,69.11
"828","GBP",2000,0.6071
"829","HKD",2000,7.0527
"830","HRK",2000,7.5785
"831","HUF",2000,260.88
"832","IDR",2000,7629.72
"833","ILS",2000,3.6602
"834","INR",2000,41.3157
"835","ISK",2000,72.41
"836","JPY",2000,97.76
"837","KRW",2000,1007.64
"838","MAD",2000,9.72
"839","MKD",2000,60.7713
"840","MXN",2000,8.389
"841","MYR",2000,3.4363
"842","NOK",2000,8.0959
"843","NZD",2000,2.0305
"844","PHP",2000,40.614
"845","PLN",2000,3.9446
"846","RON",2000,2.027
"847","RSD",2000,11.735
"848","RUB",2000,25.1098
"849","SEK",2000,8.3917
"850","SGD",2000,1.5563
"851","THB",2000,36.9642
"852","TRY",2000,0.5837
"853","TWD",2000,28.107
"854","USD",2000,0.9041
"855","ZAR",2000,6.2922
"856","ALL",1999,140.91
"857","AUD",1999,1.6451
"858","BAM",1999,1.95583
"859","BGN",1999,1.9558
"860","CAD",1999,1.5833
"861","CHF",1999,1.6004
"862","CZK",1999,36.413
"863","DKK",1999,7.4376
"864","GBP",1999,0.66014
"865","HKD",1999,8.2272
"866","HRK",1999,7.58037
"867","HUF",1999,253.52
"868","IDR",1999,7871.32
"869","ISK",1999,77.28
"870","JPY",1999,120.1
"871","KRW",1999,1269.05
"872","MKD",1999,60.6324
"873","MXN",1999,9.9558
"874","MYR",1999,4.027
"875","NOK",1999,8.2602
"876","NZD",1999,2.0154
"877","PHP",1999,41.7
"878","PLN",1999,4.1966
"879","RON",1999,1.7058
"880","RSD",1999,11.735
"881","RUB",1999,26.2467
"882","SEK",1999,8.7519
"883","SGD",1999,1.7786
"884","THB",1999,40.2916
"885","TRY",1999,0.4642
"886","TWD",1999,33.91
"887","USD",1999,1.0604
"888","ZAR",1999,6.4969
"889","ALL",1998,163.66
"890","AUD",1998,1.8682
"891","BGN",1998,1.9698
"892","CAD",1998,1.6878
"893","CHF",1998,1.6463
"894","CZK",1998,35.523
"895","DKK",1998,7.503
"896","GBP",1998,0.67451
"897","HRK",1998,7.10771
"898","HUF",1998,244.21
"899","JPY",1998,159.37
"900","KRW",1998,1445.58
"901","MKD",1998,61.0741
"902","NOK",1998,8.5101
"903","NZD",1998,2.1961
"904","PLN",1998,3.943
"905","RON",1998,0.9673
"906","RSD",1998,11.8191
"907","SEK",1998,8.9578
"908","TRY",1998,0.3019
"909","USD",1998,1.1016
"910","ZAR",1998,6.9658
"911","ALL",1997,170.01
"912","AUD",1997,1.4472
"913","BGN",1997,1.9745
"914","CAD",1997,1.4902
"915","CHF",1997,1.6231
"916","CZK",1997,36.696
"917","DKK",1997,7.5219
"918","GBP",1997,0.66923
"919","HRK",1997,7.01429
"920","HUF",1997,212.25
"921","JPY",1997,126.46
"922","MKD",1997,60.856
"923","NOK",1997,8.178
"924","NZD",1997,1.6701
"925","PLN",1997,3.7349
"926","RON",1997,0.7987
"927","RSD",1997,6.5155
"928","SEK",1997,8.5651
"929","TRY",1997,0.1756
"930","USD",1997,1.0727
"931","ZAR",1997,5.0256
"932","ALL",1996,139.71
"933","AUD",1996,1.6385
"934","BGN",1996,0.2435
"935","CAD",1996,1.7608
"936","CHF",1996,1.5432
"937","CZK",1996,34
"938","DKK",1996,7.3538
"939","GBP",1996,0.82793
"940","HRK",1996,6.66502
"941","HUF",1996,197.56
"942","JPY",1996,138.42
"943","MKD",1996,49.9986
"944","NOK",1996,8.229
"945","NZD",1996,1.8627
"946","PLN",1996,3.5021
"947","RON",1996,0.4037
"948","RSD",1996,6.278
"949","SEK",1996,8.4955
"950","TRY",1996,0.1091
"951","USD",1996,1.2832
"952","ZAR",1996,5.8022
"953","ALL",1995,119.21
"954","AUD",1995,1.7588
"955","BGN",1995,0.0883
"956","CAD",1995,1.7675
"957","CHF",1995,1.5597
"958","CZK",1995,34.795
"959","DKK",1995,7.3048
"960","GBP",1995,0.83167
"961","HRK",1995,6.76343
"962","HUF",1995,170.25
"963","JPY",1995,123.33
"964","MKD",1995,49.5287
"965","NOK",1995,8.2673
"966","NZD",1995,1.9831
"967","PLN",1995,3.1826
"968","RON",1995,0.2671
"969","RSD",1995,1.8842
"970","SEK",1995,9.4304
"971","TRY",1995,0.0608
"972","USD",1995,1.3044
"973","ZAR",1995,4.7466
"974","AUD",1994,1.6522
"975","CAD",1994,1.6859
"976","CHF",1994,1.6125
"977","CZK",1994,34.398
"978","DKK",1994,7.5662
"979","GBP",1994,0.79322
"980","HRK",1994,7.04528
"981","HUF",1994,131.52
"982","JPY",1994,122.17
"983","MKD",1994,50.098
"984","NOK",1994,8.3939
"985","NZD",1994,2.033
"986","PLN",1994,2.7978
"987","SEK",1994,9.4622
"988","TRY",1994,0.039
"989","USD",1994,1.2232
"990","ZAR",1994,4.4011
"991","AUD",1993,1.6715
"992","CAD",1993,1.4816
"993","CHF",1993,1.6965
"994","CZK",1993,33.619
"995","DKK",1993,7.8335
"996","GBP",1993,0.75961
"997","HRK",1993,4.83309
"998","HUF",1993,107.92
"999","JPY",1993,117.64
"1000","NOK",1993,8.3408
"1001","NZD",1993,2.0508
"1002","PLN",1993,2.0975
"1003","SEK",1993,9.137
"1004","TRY",1993,0.0132
"1005","USD",1993,1.1333
"1006","AUD",1992,1.9346
"1007","CAD",1992,1.6684
"1008","CHF",1992,1.8222
"1009","DKK",1992,7.8485
"1010","GBP",1992,0.72255
"1011","HRK",1992,0.3626
"1012","HUF",1992,107.37
"1013","JPY",1992,177.03
"1014","NOK",1992,8.0266
"1015","NZD",1992,2.5929
"1016","PLN",1992,1.904
"1017","SEK",1992,7.4107
"1018","TRY",1992,0.0099
"1019","USD",1992,1.4019
"1020","AUD",1991,1.5034
"1021","CAD",1991,1.3473
"1022","CHF",1991,1.7886
"1023","DKK",1991,7.9352
"1024","GBP",1991,0.69902
"1025","HUF",1991,89.7
"1026","JPY",1991,160.95
"1027","NOK",1991,8.0187
"1028","NZD",1991,2.0507
"1029","PLN",1991,1.329
"1030","SEK",1991,7.4513
"1031","TRY",1991,0.0053
"1032","USD",1991,1.1764
"1033","AUD",1990,1.628
"1034","CAD",1990,1.5067
"1035","CHF",1990,1.7233
"1036","DKK",1990,7.9073
"1037","GBP",1990,0.69278
"1038","HUF",1990,82.07
"1039","JPY",1990,193.99
"1040","NOK",1990,8.0088
"1041","NZD",1990,2.1452
"1042","PLN",1990,1.2504
"1043","SEK",1990,7.6058
"1044","TRY",1990,0.0035
"1045","USD",1990,1.3162
"1046","AUD",1989,1.4129
"1047","CAD",1989,1.2668
"1048","CHF",1989,1.7886
"1049","DKK",1989,8.064
"1050","GBP",1989,0.67549
"1051","HUF",1989,65.24
"1052","JPY",1989,152.22
"1053","NOK",1989,7.5843
"1054","NZD",1989,1.8211
"1055","SEK",1989,7.0453
"1056","USD",1989,1.0778
"1057","AUD",1988,1.3694
"1058","CAD",1988,1.3497
"1059","CHF",1988,1.7465
"1060","DKK",1988,7.9598
"1061","GBP",1988,0.64986
"1062","HUF",1988,59.98
"1063","JPY",1988,147.52
"1064","NOK",1988,7.6033
"1065","NZD",1988,1.7009
"1066","SEK",1988,7.1465
"1067","USD",1988,1.1039
"1068","AUD",1987,1.5786
"1069","CAD",1987,1.4799
"1070","CHF",1987,1.7173
"1071","DKK",1987,7.9502
"1072","GBP",1987,0.69872
"1073","JPY",1987,164.71
"1074","NOK",1987,7.58
"1075","NZD",1987,1.8962
"1076","SEK",1987,7.2387
"1077","USD",1987,1.1164
"1078","AUD",1986,1.6679
"1079","CAD",1986,1.4183
"1080","CHF",1986,1.6967
"1081","DKK",1986,7.9273
"1082","GBP",1986,0.6871
"1083","JPY",1986,157.38
"1084","NOK",1986,7.5059
"1085","NZD",1986,2.0386
"1086","SEK",1986,7.0753
"1087","USD",1986,1.0214
"1088","AUD",1985,1.1272
"1089","CAD",1985,1.0828
"1090","CHF",1985,1.8281
"1091","DKK",1985,8.06
"1092","GBP",1985,0.57574
"1093","JPY",1985,189.28
"1094","NOK",1985,6.5694
"1095","NZD",1985,1.4849
"1096","SEK",1985,6.6249
"1097","USD",1985,0.798
"1098","AUD",1984,0.9164
"1099","CAD",1984,1.0113
"1100","CHF",1984,1.8761
"1101","DKK",1984,8.1647
"1102","GBP",1984,0.5909
"1103","JPY",1984,188.03
"1104","NOK",1984,6.4387
"1105","NZD",1984,1.5522
"1106","SEK",1984,6.4793
"1107","USD",1984,0.7759
"1108","AUD",1983,0.9692
"1109","CAD",1983,1.0513
"1110","CHF",1983,1.8433
"1111","DKK",1983,8.2032
"1112","GBP",1983,0.56757
"1113","JPY",1983,208.32
"1114","NOK",1983,6.3609
"1115","NZD",1983,1.3079
"1116","SEK",1983,6.6988
"1117","USD",1983,0.8524
"1118","AUD",1982,0.9726
"1119","CAD",1982,1.1856
"1120","CHF",1982,2.0068
"1121","DKK",1982,8.2207
"1122","GBP",1982,0.55156
"1123","JPY",1982,246.37
"1124","NOK",1982,6.3537
"1125","NZD",1982,1.3007
"1126","SEK",1982,5.8416
"1127","USD",1982,0.9521
"1128","CAD",1981,1.2319
"1129","CHF",1981,2.1828
"1130","DKK",1981,7.9128
"1131","GBP",1981,0.55299
"1132","JPY",1981,235.1
"1133","NOK",1981,6.2229
"1134","SEK",1981,5.3366
"1135","USD",1981,1.0069
"1136","CAD",1980,1.6374
"1137","CHF",1980,2.3342
"1138","DKK",1980,7.8194
"1139","GBP",1980,0.5962
"1140","JPY",1980,316.53
"1141","NOK",1980,6.8739
"1142","SEK",1980,5.8992
"1143","USD",1980,1.413
"1144","CAD",1979,1.6185
"1145","CHF",1979,2.2907
"1146","DKK",1979,7.2916
"1147","GBP",1979,0.61783
"1148","JPY",1979,301.25
"1149","NOK",1979,6.957
"1150","SEK",1979,5.8356
"1151","USD",1979,1.3831
"1152","CAD",1978,1.4659
"1153","CHF",1978,2.1523
"1154","DKK",1978,7.0886
"1155","GBP",1978,0.66407
"1156","JPY",1978,242.88
"1157","NOK",1978,6.7722
"1158","SEK",1978,5.7123
"1159","USD",1978,1.2859
"1160","CAD",1977,1.2282
"1161","CHF",1977,2.7505
"1162","DKK",1977,6.8881
"1163","GBP",1977,0.65688
"1164","JPY",1977,304.65
"1165","NOK",1977,6.0605
"1166","SEK",1977,5.092
"1167","USD",1977,1.1433
"1168","CAD",1976,1.0846
"1169","CHF",1976,2.7289
"1170","DKK",1976,6.6952
"1171","GBP",1976,0.6176
"1172","JPY",1976,319.82
"1173","NOK",1976,6.0628
"1174","SEK",1976,4.8541
"1175","USD",1976,1.1009
"1176","CAD",1975,1.2363
"1177","CHF",1975,3.2043
"1178","DKK",1975,7.1235
"1179","GBP",1975,0.56503
"1180","JPY",1975,355.64
"1181","NOK",1975,6.5263
"1182","SEK",1975,5.1548
"1183","USD",1975,1.1948
"1184","CHF",1974,3.5496
"1185","DKK",1974,7.1982
"1186","GBP",1974,0.50752
"1187","NOK",1974,6.5216
"1188","SEK",1974,5.2608
"1189","USD",1974,1.1906
"1190","DKK",1973,7.3511
"1191","GBP",1973,0.52054
"1192","USD",1973,1.2892
"1193","DKK",1972,7.7535
"1194","GBP",1972,0.45707
"1195","USD",1972,1.1199
"1196","DKK",1971,7.804
"1197","GBP",1971,0.43099
"1198","USD",1971,1.0502
